﻿<?xml version="1.0"?>
<annotation>
    <folder>images</folder>
    <filename>n04402984_25749.JPEG</filename>
    <path>images/n04402984_25749.JPEG</path>
    <source>
        <database>Unknown</database>
    </source>
    <size>
        <width>500</width>
        <height>333</height>
        <depth>3</depth>
    </size>
    <segmented>0</segmented>
    <object>
        <name>pole</name>
        <pose>Unspecified</pose>
        <truncated>0</truncated>
        <difficult>0</difficult>
        <bndbox>
            <xmin>369</xmin>
            <ymin>0</ymin>
            <xmax>416</xmax>
            <ymax>262</ymax>
        </bndbox>
    </object>
    <object>
        <name>pole</name>
        <pose>Unspecified</pose>
        <truncated>0</truncated>
        <difficult>0</difficult>
        <bndbox>
            <xmin>242.00001525878906</xmin>
            <ymin>134</ymin>
            <xmax>255.00001525878906</xmax>
            <ymax>282</ymax>
        </bndbox>
    </object>
    <object>
        <name>pole</name>
        <pose>Unspecified</pose>
        <truncated>0</truncated>
        <difficult>0</difficult>
        <bndbox>
            <xmin>220.00001525878906</xmin>
            <ymin>99</ymin>
            <xmax>231.00001525878906</xmax>
            <ymax>289</ymax>
        </bndbox>
    </object>
    <object>
        <name>pole</name>
        <pose>Unspecified</pose>
        <truncated>0</truncated>
        <difficult>0</difficult>
        <bndbox>
            <xmin>202.00001525878906</xmin>
            <ymin>188</ymin>
            <xmax>221.00001525878906</xmax>
            <ymax>283</ymax>
        </bndbox>
    </object>
    <object>
        <name>wire</name>
        <pose>Unspecified</pose>
        <truncated>0</truncated>
        <difficult>0</difficult>
        <bndbox>
            <xmin>47.000003814697266</xmin>
            <ymin>41</ymin>
            <xmax>494.9999694824219</xmax>
            <ymax>91</ymax>
        </bndbox>
    </object>
    <object>
        <name>wire</name>
        <pose>Unspecified</pose>
        <truncated>0</truncated>
        <difficult>0</difficult>
        <bndbox>
            <xmin>137.00001525878906</xmin>
            <ymin>134</ymin>
            <xmax>493.0000305175781</xmax>
            <ymax>167</ymax>
        </bndbox>
    </object>
    <object>
        <name>wire</name>
        <pose>Unspecified</pose>
        <truncated>0</truncated>
        <difficult>0</difficult>
        <bndbox>
            <xmin>113.00000762939453</xmin>
            <ymin>114</ymin>
            <xmax>492.0000305175781</xmax>
            <ymax>154</ymax>
        </bndbox>
    </object>
    <object>
        <name>wire</name>
        <pose>Unspecified</pose>
        <truncated>0</truncated>
        <difficult>0</difficult>
        <bndbox>
            <xmin>149.00001525878906</xmin>
            <ymin>154</ymin>
            <xmax>497.0000305175781</xmax>
            <ymax>182</ymax>
        </bndbox>
    </object>
    <object>
        <name>wire</name>
        <pose>Unspecified</pose>
        <truncated>0</truncated>
        <difficult>0</difficult>
        <bndbox>
            <xmin>151.00001525878906</xmin>
            <ymin>165</ymin>
            <xmax>497.0000305175781</xmax>
            <ymax>187</ymax>
        </bndbox>
    </object>
    <object>
        <name>wire</name>
        <pose>Unspecified</pose>
        <truncated>0</truncated>
        <difficult>0</difficult>
        <bndbox>
            <xmin>153.00001525878906</xmin>
            <ymin>237</ymin>
            <xmax>219.00001525878906</xmax>
            <ymax>267</ymax>
        </bndbox>
    </object>
    <object>
        <name>wire</name>
        <pose>Unspecified</pose>
        <truncated>0</truncated>
        <difficult>0</difficult>
        <bndbox>
            <xmin>276</xmin>
            <ymin>7</ymin>
            <xmax>301</xmax>
            <ymax>135</ymax>
        </bndbox>
    </object>
    <object>
        <name>wire</name>
        <pose>Unspecified</pose>
        <truncated>0</truncated>
        <difficult>0</difficult>
        <bndbox>
            <xmin>205.00001525878906</xmin>
            <ymin>3</ymin>
            <xmax>243.00001525878906</xmax>
            <ymax>132</ymax>
        </bndbox>
    </object>
    <object>
        <name>wire</name>
        <pose>Unspecified</pose>
        <truncated>0</truncated>
        <difficult>0</difficult>
        <bndbox>
            <xmin>245.00001525878906</xmin>
            <ymin>4</ymin>
            <xmax>266</xmax>
            <ymax>130</ymax>
        </bndbox>
    </object>
    <object>
        <name>wire</name>
        <pose>Unspecified</pose>
        <truncated>0</truncated>
        <difficult>0</difficult>
        <bndbox>
            <xmin>257</xmin>
            <ymin>9</ymin>
            <xmax>274</xmax>
            <ymax>151</ymax>
        </bndbox>
    </object>
    <object>
        <name>wire</name>
        <pose>Unspecified</pose>
        <truncated>0</truncated>
        <difficult>0</difficult>
        <bndbox>
            <xmin>207.00001525878906</xmin>
            <ymin>2</ymin>
            <xmax>219.00001525878906</xmax>
            <ymax>149</ymax>
        </bndbox>
    </object>
    <object>
        <name>wire</name>
        <pose>Unspecified</pose>
        <truncated>0</truncated>
        <difficult>0</difficult>
        <bndbox>
            <xmin>266</xmin>
            <ymin>201</ymin>
            <xmax>277</xmax>
            <ymax>247</ymax>
        </bndbox>
    </object>
    <object>
        <name>wire</name>
        <pose>Unspecified</pose>
        <truncated>0</truncated>
        <difficult>0</difficult>
        <bndbox>
            <xmin>485.0000305175781</xmin>
            <ymin>193</ymin>
            <xmax>498.0000305175781</xmax>
            <ymax>220</ymax>
        </bndbox>
    </object>
</annotation>