﻿<?xml version="1.0"?>
<annotation>
    <folder>images</folder>
    <filename>n04402984_22646.JPEG</filename>
    <path>images/n04402984_22646.JPEG</path>
    <source>
        <database>Unknown</database>
    </source>
    <size>
        <width>346</width>
        <height>421</height>
        <depth>3</depth>
    </size>
    <segmented>0</segmented>
    <object>
        <name>pole</name>
        <pose>Unspecified</pose>
        <truncated>0</truncated>
        <difficult>0</difficult>
        <bndbox>
            <xmin>21.000001907348633</xmin>
            <ymin>213</ymin>
            <xmax>173.00001525878906</xmax>
            <ymax>329</ymax>
        </bndbox>
    </object>
</annotation>