﻿<?xml version="1.0"?>
<annotation>
    <folder>images</folder>
    <filename>n04402984_23421.JPEG</filename>
    <path>images/n04402984_23421.JPEG</path>
    <source>
        <database>Unknown</database>
    </source>
    <size>
        <width>500</width>
        <height>375</height>
        <depth>3</depth>
    </size>
    <segmented>0</segmented>
    <object>
        <name>pole</name>
        <pose>Unspecified</pose>
        <truncated>0</truncated>
        <difficult>0</difficult>
        <bndbox>
            <xmin>425</xmin>
            <ymin>127</ymin>
            <xmax>499.0000305175781</xmax>
            <ymax>174</ymax>
        </bndbox>
    </object>
    <object>
        <name>pole</name>
        <pose>Unspecified</pose>
        <truncated>0</truncated>
        <difficult>0</difficult>
        <bndbox>
            <xmin>91.00000762939453</xmin>
            <ymin>110</ymin>
            <xmax>498.0000305175781</xmax>
            <ymax>261</ymax>
        </bndbox>
    </object>
</annotation>