﻿<?xml version="1.0"?>
<annotation>
    <folder>images</folder>
    <filename>n04402984_24279.JPEG</filename>
    <path>images/n04402984_24279.JPEG</path>
    <source>
        <database>Unknown</database>
    </source>
    <size>
        <width>500</width>
        <height>375</height>
        <depth>3</depth>
    </size>
    <segmented>0</segmented>
    <object>
        <name>pole</name>
        <pose>Unspecified</pose>
        <truncated>0</truncated>
        <difficult>0</difficult>
        <bndbox>
            <xmin>178.00001525878906</xmin>
            <ymin>118</ymin>
            <xmax>314</xmax>
            <ymax>373</ymax>
        </bndbox>
    </object>
    <object>
        <name>pole</name>
        <pose>Unspecified</pose>
        <truncated>0</truncated>
        <difficult>0</difficult>
        <bndbox>
            <xmin>406</xmin>
            <ymin>315</ymin>
            <xmax>464.0000305175781</xmax>
            <ymax>373</ymax>
        </bndbox>
    </object>
    <object>
        <name>pole</name>
        <pose>Unspecified</pose>
        <truncated>0</truncated>
        <difficult>0</difficult>
        <bndbox>
            <xmin>59.000003814697266</xmin>
            <ymin>317</ymin>
            <xmax>72.00000762939453</xmax>
            <ymax>374</ymax>
        </bndbox>
    </object>
</annotation>