﻿<?xml version="1.0"?>
<annotation>
    <folder>images</folder>
    <filename>n04402984_24414.JPEG</filename>
    <path>images/n04402984_24414.JPEG</path>
    <source>
        <database>Unknown</database>
    </source>
    <size>
        <width>375</width>
        <height>500</height>
        <depth>3</depth>
    </size>
    <segmented>0</segmented>
    <object>
        <name>pole</name>
        <pose>Unspecified</pose>
        <truncated>0</truncated>
        <difficult>0</difficult>
        <bndbox>
            <xmin>2.00000262260437</xmin>
            <ymin>24</ymin>
            <xmax>211.00001525878906</xmax>
            <ymax>498</ymax>
        </bndbox>
    </object>
</annotation>