﻿<?xml version="1.0"?>
<annotation>
    <folder>images</folder>
    <filename>n04402984_24627.JPEG</filename>
    <path>images/n04402984_24627.JPEG</path>
    <source>
        <database>Unknown</database>
    </source>
    <size>
        <width>333</width>
        <height>500</height>
        <depth>3</depth>
    </size>
    <segmented>0</segmented>
    <object>
        <name>pole</name>
        <pose>Unspecified</pose>
        <truncated>0</truncated>
        <difficult>0</difficult>
        <bndbox>
            <xmin>187.00001525878906</xmin>
            <ymin>44</ymin>
            <xmax>271</xmax>
            <ymax>472</ymax>
        </bndbox>
    </object>
    <object>
        <name>pole</name>
        <pose>Unspecified</pose>
        <truncated>0</truncated>
        <difficult>0</difficult>
        <bndbox>
            <xmin>12.00000286102295</xmin>
            <ymin>271</ymin>
            <xmax>151.00001525878906</xmax>
            <ymax>465</ymax>
        </bndbox>
    </object>
</annotation>