﻿<?xml version="1.0"?>
<annotation>
    <folder>images</folder>
    <filename>n04402984_24732.JPEG</filename>
    <path>images/n04402984_24732.JPEG</path>
    <source>
        <database>Unknown</database>
    </source>
    <size>
        <width>500</width>
        <height>375</height>
        <depth>3</depth>
    </size>
    <segmented>0</segmented>
    <object>
        <name>pole</name>
        <pose>Unspecified</pose>
        <truncated>0</truncated>
        <difficult>0</difficult>
        <bndbox>
            <xmin>279</xmin>
            <ymin>267</ymin>
            <xmax>286</xmax>
            <ymax>293</ymax>
        </bndbox>
    </object>
    <object>
        <name>pole</name>
        <pose>Unspecified</pose>
        <truncated>0</truncated>
        <difficult>0</difficult>
        <bndbox>
            <xmin>268</xmin>
            <ymin>241</ymin>
            <xmax>306</xmax>
            <ymax>298</ymax>
        </bndbox>
    </object>
    <object>
        <name>pole</name>
        <pose>Unspecified</pose>
        <truncated>0</truncated>
        <difficult>0</difficult>
        <bndbox>
            <xmin>220.00001525878906</xmin>
            <ymin>21</ymin>
            <xmax>422</xmax>
            <ymax>367</ymax>
        </bndbox>
    </object>
</annotation>