﻿<?xml version="1.0"?>
<annotation>
    <folder>images</folder>
    <filename>n04402984_24855.JPEG</filename>
    <path>images/n04402984_24855.JPEG</path>
    <source>
        <database>Unknown</database>
    </source>
    <size>
        <width>500</width>
        <height>375</height>
        <depth>3</depth>
    </size>
    <segmented>0</segmented>
    <object>
        <name>pole</name>
        <pose>Unspecified</pose>
        <truncated>0</truncated>
        <difficult>0</difficult>
        <bndbox>
            <xmin>190.00001525878906</xmin>
            <ymin>179</ymin>
            <xmax>245.00001525878906</xmax>
            <ymax>374</ymax>
        </bndbox>
    </object>
</annotation>