﻿<?xml version="1.0"?>
<annotation>
    <folder>images</folder>
    <filename>n04402984_24888.JPEG</filename>
    <path>images/n04402984_24888.JPEG</path>
    <source>
        <database>Unknown</database>
    </source>
    <size>
        <width>500</width>
        <height>303</height>
        <depth>3</depth>
    </size>
    <segmented>0</segmented>
    <object>
        <name>pole</name>
        <pose>Unspecified</pose>
        <truncated>0</truncated>
        <difficult>0</difficult>
        <bndbox>
            <xmin>379</xmin>
            <ymin>138</ymin>
            <xmax>397</xmax>
            <ymax>235</ymax>
        </bndbox>
    </object>
    <object>
        <name>pole</name>
        <pose>Unspecified</pose>
        <truncated>0</truncated>
        <difficult>0</difficult>
        <bndbox>
            <xmin>107.00000762939453</xmin>
            <ymin>161</ymin>
            <xmax>115.00000762939453</xmax>
            <ymax>201</ymax>
        </bndbox>
    </object>
    <object>
        <name>pole</name>
        <pose>Unspecified</pose>
        <truncated>0</truncated>
        <difficult>0</difficult>
        <bndbox>
            <xmin>257</xmin>
            <ymin>166</ymin>
            <xmax>264</xmax>
            <ymax>189</ymax>
        </bndbox>
    </object>
</annotation>