﻿<?xml version="1.0"?>
<annotation>
    <folder>images</folder>
    <filename>n04402984_24894.JPEG</filename>
    <path>images/n04402984_24894.JPEG</path>
    <source>
        <database>Unknown</database>
    </source>
    <size>
        <width>375</width>
        <height>500</height>
        <depth>3</depth>
    </size>
    <segmented>0</segmented>
    <object>
        <name>pole</name>
        <pose>Unspecified</pose>
        <truncated>0</truncated>
        <difficult>0</difficult>
        <bndbox>
            <xmin>15.00000286102295</xmin>
            <ymin>229</ymin>
            <xmax>273</xmax>
            <ymax>495</ymax>
        </bndbox>
    </object>
</annotation>