﻿<?xml version="1.0"?>
<annotation>
    <folder>images</folder>
    <filename>n04402984_25095.JPEG</filename>
    <path>images/n04402984_25095.JPEG</path>
    <source>
        <database>Unknown</database>
    </source>
    <size>
        <width>240</width>
        <height>180</height>
        <depth>3</depth>
    </size>
    <segmented>0</segmented>
    <object>
        <name>pole</name>
        <pose>Unspecified</pose>
        <truncated>0</truncated>
        <difficult>0</difficult>
        <bndbox>
            <xmin>104.00000762939453</xmin>
            <ymin>31</ymin>
            <xmax>134.00001525878906</xmax>
            <ymax>178</ymax>
        </bndbox>
    </object>
    <object>
        <name>pole</name>
        <pose>Unspecified</pose>
        <truncated>0</truncated>
        <difficult>0</difficult>
        <bndbox>
            <xmin>214.00001525878906</xmin>
            <ymin>18</ymin>
            <xmax>239.00001525878906</xmax>
            <ymax>179</ymax>
        </bndbox>
    </object>
</annotation>