﻿<?xml version="1.0"?>
<annotation>
    <folder>images</folder>
    <filename>n04402984_25146.JPEG</filename>
    <path>images/n04402984_25146.JPEG</path>
    <source>
        <database>Unknown</database>
    </source>
    <size>
        <width>500</width>
        <height>332</height>
        <depth>3</depth>
    </size>
    <segmented>0</segmented>
    <object>
        <name>pole</name>
        <pose>Unspecified</pose>
        <truncated>0</truncated>
        <difficult>0</difficult>
        <bndbox>
            <xmin>285</xmin>
            <ymin>156</ymin>
            <xmax>304</xmax>
            <ymax>191</ymax>
        </bndbox>
    </object>
    <object>
        <name>pole</name>
        <pose>Unspecified</pose>
        <truncated>0</truncated>
        <difficult>0</difficult>
        <bndbox>
            <xmin>187.00001525878906</xmin>
            <ymin>172</ymin>
            <xmax>205.00001525878906</xmax>
            <ymax>248</ymax>
        </bndbox>
    </object>
    <object>
        <name>pole</name>
        <pose>Unspecified</pose>
        <truncated>0</truncated>
        <difficult>0</difficult>
        <bndbox>
            <xmin>160.00001525878906</xmin>
            <ymin>182</ymin>
            <xmax>170.00001525878906</xmax>
            <ymax>223</ymax>
        </bndbox>
    </object>
    <object>
        <name>pole</name>
        <pose>Unspecified</pose>
        <truncated>0</truncated>
        <difficult>0</difficult>
        <bndbox>
            <xmin>5.000002384185791</xmin>
            <ymin>211</ymin>
            <xmax>13.00000286102295</xmax>
            <ymax>261</ymax>
        </bndbox>
    </object>
</annotation>