﻿<?xml version="1.0"?>
<annotation>
    <folder>images</folder>
    <filename>n04402984_25160.JPEG</filename>
    <path>images/n04402984_25160.JPEG</path>
    <source>
        <database>Unknown</database>
    </source>
    <size>
        <width>500</width>
        <height>283</height>
        <depth>3</depth>
    </size>
    <segmented>0</segmented>
    <object>
        <name>pole</name>
        <pose>Unspecified</pose>
        <truncated>0</truncated>
        <difficult>0</difficult>
        <bndbox>
            <xmin>198.00001525878906</xmin>
            <ymin>62</ymin>
            <xmax>498.0000305175781</xmax>
            <ymax>280</ymax>
        </bndbox>
    </object>
</annotation>