﻿<?xml version="1.0"?>
<annotation>
    <folder>images</folder>
    <filename>n04402984_25170.JPEG</filename>
    <path>images/n04402984_25170.JPEG</path>
    <source>
        <database>Unknown</database>
    </source>
    <size>
        <width>500</width>
        <height>332</height>
        <depth>3</depth>
    </size>
    <segmented>0</segmented>
    <object>
        <name>pole</name>
        <pose>Unspecified</pose>
        <truncated>0</truncated>
        <difficult>0</difficult>
        <bndbox>
            <xmin>169.00001525878906</xmin>
            <ymin>56</ymin>
            <xmax>275</xmax>
            <ymax>331</ymax>
        </bndbox>
    </object>
    <object>
        <name>pole</name>
        <pose>Unspecified</pose>
        <truncated>0</truncated>
        <difficult>0</difficult>
        <bndbox>
            <xmin>3.00000262260437</xmin>
            <ymin>230</ymin>
            <xmax>47.000003814697266</xmax>
            <ymax>294</ymax>
        </bndbox>
    </object>
</annotation>