﻿<?xml version="1.0"?>
<annotation>
    <folder>images</folder>
    <filename>n04402984_25202.JPEG</filename>
    <path>images/n04402984_25202.JPEG</path>
    <source>
        <database>Unknown</database>
    </source>
    <size>
        <width>500</width>
        <height>333</height>
        <depth>3</depth>
    </size>
    <segmented>0</segmented>
    <object>
        <name>pole</name>
        <pose>Unspecified</pose>
        <truncated>0</truncated>
        <difficult>0</difficult>
        <bndbox>
            <xmin>187.00001525878906</xmin>
            <ymin>15</ymin>
            <xmax>216.00001525878906</xmax>
            <ymax>283</ymax>
        </bndbox>
    </object>
    <object>
        <name>pole</name>
        <pose>Unspecified</pose>
        <truncated>0</truncated>
        <difficult>0</difficult>
        <bndbox>
            <xmin>389</xmin>
            <ymin>174</ymin>
            <xmax>417</xmax>
            <ymax>290</ymax>
        </bndbox>
    </object>
    <object>
        <name>pole</name>
        <pose>Unspecified</pose>
        <truncated>0</truncated>
        <difficult>0</difficult>
        <bndbox>
            <xmin>489.0000305175781</xmin>
            <ymin>236</ymin>
            <xmax>499.0000305175781</xmax>
            <ymax>273</ymax>
        </bndbox>
    </object>
    <object>
        <name>pole</name>
        <pose>Unspecified</pose>
        <truncated>0</truncated>
        <difficult>0</difficult>
        <bndbox>
            <xmin>220.00001525878906</xmin>
            <ymin>187</ymin>
            <xmax>233.00001525878906</xmax>
            <ymax>284</ymax>
        </bndbox>
    </object>
    <object>
        <name>pole</name>
        <pose>Unspecified</pose>
        <truncated>0</truncated>
        <difficult>0</difficult>
        <bndbox>
            <xmin>435</xmin>
            <ymin>239</ymin>
            <xmax>450.0000305175781</xmax>
            <ymax>296</ymax>
        </bndbox>
    </object>
</annotation>