﻿<?xml version="1.0"?>
<annotation>
    <folder>images</folder>
    <filename>n04402984_25204.JPEG</filename>
    <path>images/n04402984_25204.JPEG</path>
    <source>
        <database>Unknown</database>
    </source>
    <size>
        <width>500</width>
        <height>375</height>
        <depth>3</depth>
    </size>
    <segmented>0</segmented>
    <object>
        <name>pole</name>
        <pose>Unspecified</pose>
        <truncated>0</truncated>
        <difficult>0</difficult>
        <bndbox>
            <xmin>88.00000762939453</xmin>
            <ymin>36</ymin>
            <xmax>119.00000762939453</xmax>
            <ymax>303</ymax>
        </bndbox>
    </object>
</annotation>