﻿<?xml version="1.0"?>
<annotation>
    <folder>images</folder>
    <filename>n04402984_25492.JPEG</filename>
    <path>images/n04402984_25492.JPEG</path>
    <source>
        <database>Unknown</database>
    </source>
    <size>
        <width>332</width>
        <height>500</height>
        <depth>3</depth>
    </size>
    <segmented>0</segmented>
    <object>
        <name>pole</name>
        <pose>Unspecified</pose>
        <truncated>0</truncated>
        <difficult>0</difficult>
        <bndbox>
            <xmin>126.00000762939453</xmin>
            <ymin>142</ymin>
            <xmax>236.00001525878906</xmax>
            <ymax>499</ymax>
        </bndbox>
    </object>
</annotation>