﻿<?xml version="1.0"?>
<annotation>
    <folder>images</folder>
    <filename>n04402984_7347.JPEG</filename>
    <path>images/n04402984_7347.JPEG</path>
    <source>
        <database>Unknown</database>
    </source>
    <size>
        <width>500</width>
        <height>333</height>
        <depth>3</depth>
    </size>
    <segmented>0</segmented>
    <object>
        <name>pole</name>
        <pose>Unspecified</pose>
        <truncated>0</truncated>
        <difficult>0</difficult>
        <bndbox>
            <xmin>193.00001525878906</xmin>
            <ymin>111</ymin>
            <xmax>294</xmax>
            <ymax>332</ymax>
        </bndbox>
    </object>
    <object>
        <name>pole</name>
        <pose>Unspecified</pose>
        <truncated>0</truncated>
        <difficult>0</difficult>
        <bndbox>
            <xmin>422</xmin>
            <ymin>246</ymin>
            <xmax>496.0000305175781</xmax>
            <ymax>320</ymax>
        </bndbox>
    </object>
</annotation>