﻿<?xml version="1.0"?>
<annotation>
    <folder>images</folder>
    <filename>n04402984_25505.JPEG</filename>
    <path>images/n04402984_25505.JPEG</path>
    <source>
        <database>Unknown</database>
    </source>
    <size>
        <width>331</width>
        <height>500</height>
        <depth>3</depth>
    </size>
    <segmented>0</segmented>
    <object>
        <name>pole</name>
        <pose>Unspecified</pose>
        <truncated>0</truncated>
        <difficult>0</difficult>
        <bndbox>
            <xmin>-0.9999974370002747</xmin>
            <ymin>99</ymin>
            <xmax>208.00001525878906</xmax>
            <ymax>499</ymax>
        </bndbox>
    </object>
</annotation>