﻿<?xml version="1.0"?>
<annotation>
    <folder>images</folder>
    <filename>n04402984_25606.JPEG</filename>
    <path>images/n04402984_25606.JPEG</path>
    <source>
        <database>Unknown</database>
    </source>
    <size>
        <width>500</width>
        <height>303</height>
        <depth>3</depth>
    </size>
    <segmented>0</segmented>
    <object>
        <name>pole</name>
        <pose>Unspecified</pose>
        <truncated>0</truncated>
        <difficult>0</difficult>
        <bndbox>
            <xmin>0.000002543131586207892</xmin>
            <ymin>74</ymin>
            <xmax>121.00000762939453</xmax>
            <ymax>301</ymax>
        </bndbox>
    </object>
    <object>
        <name>pole</name>
        <pose>Unspecified</pose>
        <truncated>0</truncated>
        <difficult>0</difficult>
        <bndbox>
            <xmin>422</xmin>
            <ymin>35</ymin>
            <xmax>499.0000305175781</xmax>
            <ymax>302</ymax>
        </bndbox>
    </object>
</annotation>