﻿<?xml version="1.0"?>
<annotation>
    <folder>images</folder>
    <filename>n04402984_25641.JPEG</filename>
    <path>images/n04402984_25641.JPEG</path>
    <source>
        <database>Unknown</database>
    </source>
    <size>
        <width>500</width>
        <height>375</height>
        <depth>3</depth>
    </size>
    <segmented>0</segmented>
    <object>
        <name>pole</name>
        <pose>Unspecified</pose>
        <truncated>0</truncated>
        <difficult>0</difficult>
        <bndbox>
            <xmin>175.00001525878906</xmin>
            <ymin>6</ymin>
            <xmax>255.00001525878906</xmax>
            <ymax>374</ymax>
        </bndbox>
    </object>
    <object>
        <name>wire</name>
        <pose>Unspecified</pose>
        <truncated>0</truncated>
        <difficult>0</difficult>
        <bndbox>
            <xmin>230.00001525878906</xmin>
            <ymin>107</ymin>
            <xmax>497.0000305175781</xmax>
            <ymax>118</ymax>
        </bndbox>
    </object>
    <object>
        <name>wire</name>
        <pose>Unspecified</pose>
        <truncated>0</truncated>
        <difficult>0</difficult>
        <bndbox>
            <xmin>207.00001525878906</xmin>
            <ymin>310</ymin>
            <xmax>496.0000305175781</xmax>
            <ymax>330</ymax>
        </bndbox>
    </object>
    <object>
        <name>wire</name>
        <pose>Unspecified</pose>
        <truncated>0</truncated>
        <difficult>0</difficult>
        <bndbox>
            <xmin>2.00000262260437</xmin>
            <ymin>316</ymin>
            <xmax>175.00001525878906</xmax>
            <ymax>349</ymax>
        </bndbox>
    </object>
    <object>
        <name>wire</name>
        <pose>Unspecified</pose>
        <truncated>0</truncated>
        <difficult>0</difficult>
        <bndbox>
            <xmin>2.00000262260437</xmin>
            <ymin>160</ymin>
            <xmax>183.00001525878906</xmax>
            <ymax>297</ymax>
        </bndbox>
    </object>
    <object>
        <name>wire</name>
        <pose>Unspecified</pose>
        <truncated>0</truncated>
        <difficult>0</difficult>
        <bndbox>
            <xmin>5.000002384185791</xmin>
            <ymin>113</ymin>
            <xmax>190.00001525878906</xmax>
            <ymax>169</ymax>
        </bndbox>
    </object>
    <object>
        <name>wire</name>
        <pose>Unspecified</pose>
        <truncated>0</truncated>
        <difficult>0</difficult>
        <bndbox>
            <xmin>246.00001525878906</xmin>
            <ymin>350</ymin>
            <xmax>498.0000305175781</xmax>
            <ymax>364</ymax>
        </bndbox>
    </object>
    <object>
        <name>wire</name>
        <pose>Unspecified</pose>
        <truncated>0</truncated>
        <difficult>0</difficult>
        <bndbox>
            <xmin>300</xmin>
            <ymin>317</ymin>
            <xmax>330</xmax>
            <ymax>373</ymax>
        </bndbox>
    </object>
    <object>
        <name>wire</name>
        <pose>Unspecified</pose>
        <truncated>0</truncated>
        <difficult>0</difficult>
        <bndbox>
            <xmin>228.00001525878906</xmin>
            <ymin>123</ymin>
            <xmax>319</xmax>
            <ymax>372</ymax>
        </bndbox>
    </object>
    <object>
        <name>wire</name>
        <pose>Unspecified</pose>
        <truncated>0</truncated>
        <difficult>0</difficult>
        <bndbox>
            <xmin>1.0000025033950806</xmin>
            <ymin>29</ymin>
            <xmax>189.00001525878906</xmax>
            <ymax>92</ymax>
        </bndbox>
    </object>
    <object>
        <name>wire</name>
        <pose>Unspecified</pose>
        <truncated>0</truncated>
        <difficult>0</difficult>
        <bndbox>
            <xmin>231.00001525878906</xmin>
            <ymin>5</ymin>
            <xmax>498.0000305175781</xmax>
            <ymax>23</ymax>
        </bndbox>
    </object>
    <object>
        <name>wire</name>
        <pose>Unspecified</pose>
        <truncated>0</truncated>
        <difficult>0</difficult>
        <bndbox>
            <xmin>243.00001525878906</xmin>
            <ymin>93</ymin>
            <xmax>499.0000305175781</xmax>
            <ymax>102</ymax>
        </bndbox>
    </object>
</annotation>