﻿<?xml version="1.0"?>
<annotation>
    <folder>images</folder>
    <filename>n04402984_25730.JPEG</filename>
    <path>images/n04402984_25730.JPEG</path>
    <source>
        <database>Unknown</database>
    </source>
    <size>
        <width>500</width>
        <height>375</height>
        <depth>3</depth>
    </size>
    <segmented>0</segmented>
    <object>
        <name>pole</name>
        <pose>Unspecified</pose>
        <truncated>0</truncated>
        <difficult>0</difficult>
        <bndbox>
            <xmin>220.00001525878906</xmin>
            <ymin>149</ymin>
            <xmax>392</xmax>
            <ymax>375</ymax>
        </bndbox>
    </object>
    <object>
        <name>wire</name>
        <pose>Unspecified</pose>
        <truncated>0</truncated>
        <difficult>0</difficult>
        <bndbox>
            <xmin>313</xmin>
            <ymin>10</ymin>
            <xmax>455.0000305175781</xmax>
            <ymax>145</ymax>
        </bndbox>
    </object>
    <object>
        <name>wire</name>
        <pose>Unspecified</pose>
        <truncated>0</truncated>
        <difficult>0</difficult>
        <bndbox>
            <xmin>330</xmin>
            <ymin>60</ymin>
            <xmax>497.0000305175781</xmax>
            <ymax>215</ymax>
        </bndbox>
    </object>
    <object>
        <name>wire</name>
        <pose>Unspecified</pose>
        <truncated>0</truncated>
        <difficult>0</difficult>
        <bndbox>
            <xmin>387</xmin>
            <ymin>138</ymin>
            <xmax>497.0000305175781</xmax>
            <ymax>230</ymax>
        </bndbox>
    </object>
    <object>
        <name>wire</name>
        <pose>Unspecified</pose>
        <truncated>0</truncated>
        <difficult>0</difficult>
        <bndbox>
            <xmin>362</xmin>
            <ymin>358</ymin>
            <xmax>497.0000305175781</xmax>
            <ymax>372</ymax>
        </bndbox>
    </object>
    <object>
        <name>wire</name>
        <pose>Unspecified</pose>
        <truncated>0</truncated>
        <difficult>0</difficult>
        <bndbox>
            <xmin>2.00000262260437</xmin>
            <ymin>190</ymin>
            <xmax>494.9999694824219</xmax>
            <ymax>227</ymax>
        </bndbox>
    </object>
    <object>
        <name>wire</name>
        <pose>Unspecified</pose>
        <truncated>0</truncated>
        <difficult>0</difficult>
        <bndbox>
            <xmin>3.00000262260437</xmin>
            <ymin>147</ymin>
            <xmax>264</xmax>
            <ymax>177</ymax>
        </bndbox>
    </object>
    <object>
        <name>unlabelled</name>
        <pose>Unspecified</pose>
        <truncated>0</truncated>
        <difficult>0</difficult>
        <bndbox>
            <xmin>470.0000305175781</xmin>
            <ymin>249</ymin>
            <xmax>470.0000305175781</xmax>
            <ymax>249</ymax>
        </bndbox>
    </object>
    <object>
        <name>wire</name>
        <pose>Unspecified</pose>
        <truncated>0</truncated>
        <difficult>0</difficult>
        <bndbox>
            <xmin>379</xmin>
            <ymin>179</ymin>
            <xmax>498.0000305175781</xmax>
            <ymax>189</ymax>
        </bndbox>
    </object>
    <object>
        <name>wire</name>
        <pose>Unspecified</pose>
        <truncated>0</truncated>
        <difficult>0</difficult>
        <bndbox>
            <xmin>376</xmin>
            <ymin>166</ymin>
            <xmax>498.0000305175781</xmax>
            <ymax>179</ymax>
        </bndbox>
    </object>
    <object>
        <name>wire</name>
        <pose>Unspecified</pose>
        <truncated>0</truncated>
        <difficult>0</difficult>
        <bndbox>
            <xmin>5.000002384185791</xmin>
            <ymin>131</ymin>
            <xmax>276</xmax>
            <ymax>159</ymax>
        </bndbox>
    </object>
    <object>
        <name>wire</name>
        <pose>Unspecified</pose>
        <truncated>0</truncated>
        <difficult>0</difficult>
        <bndbox>
            <xmin>101.00000762939453</xmin>
            <ymin>3</ymin>
            <xmax>498.0000305175781</xmax>
            <ymax>33</ymax>
        </bndbox>
    </object>
    <object>
        <name>wire</name>
        <pose>Unspecified</pose>
        <truncated>0</truncated>
        <difficult>0</difficult>
        <bndbox>
            <xmin>16.000001907348633</xmin>
            <ymin>122</ymin>
            <xmax>492.9999694824219</xmax>
            <ymax>151</ymax>
        </bndbox>
    </object>
    <object>
        <name>wire</name>
        <pose>Unspecified</pose>
        <truncated>0</truncated>
        <difficult>0</difficult>
        <bndbox>
            <xmin>1.0000025033950806</xmin>
            <ymin>353</ymin>
            <xmax>289</xmax>
            <ymax>365</ymax>
        </bndbox>
    </object>
    <object>
        <name>wire</name>
        <pose>Unspecified</pose>
        <truncated>0</truncated>
        <difficult>0</difficult>
        <bndbox>
            <xmin>0.000002543131586207892</xmin>
            <ymin>252</ymin>
            <xmax>491.9999694824219</xmax>
            <ymax>264</ymax>
        </bndbox>
    </object>
    <object>
        <name>wire</name>
        <pose>Unspecified</pose>
        <truncated>0</truncated>
        <difficult>0</difficult>
        <bndbox>
            <xmin>1.0000025033950806</xmin>
            <ymin>240</ymin>
            <xmax>496.9999694824219</xmax>
            <ymax>249</ymax>
        </bndbox>
    </object>
</annotation>