﻿<?xml version="1.0"?>
<annotation>
    <folder>images</folder>
    <filename>n04402449_481.JPEG</filename>
    <path>images/n04402449_481.JPEG</path>
    <source>
        <database>Unknown</database>
    </source>
    <size>
        <width>350</width>
        <height>500</height>
        <depth>3</depth>
    </size>
    <segmented>0</segmented>
    <object>
        <name>pole</name>
        <pose>Unspecified</pose>
        <truncated>0</truncated>
        <difficult>0</difficult>
        <bndbox>
            <xmin>189</xmin>
            <ymin>2.0000076293945312</ymin>
            <xmax>334</xmax>
            <ymax>467.00006103515625</ymax>
        </bndbox>
    </object>
</annotation>