﻿<?xml version="1.0"?>
<annotation>
    <folder>images</folder>
    <filename>n04402449_323.JPEG</filename>
    <path>images/n04402449_323.JPEG</path>
    <source>
        <database>Unknown</database>
    </source>
    <size>
        <width>500</width>
        <height>375</height>
        <depth>3</depth>
    </size>
    <segmented>0</segmented>
    <object>
        <name>pole</name>
        <pose>Unspecified</pose>
        <truncated>0</truncated>
        <difficult>0</difficult>
        <bndbox>
            <xmin>6.000004291534424</xmin>
            <ymin>47</ymin>
            <xmax>202.00003051757812</xmax>
            <ymax>372</ymax>
        </bndbox>
    </object>
</annotation>