﻿<?xml version="1.0"?>
<annotation>
    <folder>images</folder>
    <filename>n04402449_11.JPEG</filename>
    <path>images/n04402449_11.JPEG</path>
    <source>
        <database>Unknown</database>
    </source>
    <size>
        <width>375</width>
        <height>500</height>
        <depth>3</depth>
    </size>
    <segmented>0</segmented>
    <object>
        <name>pole</name>
        <pose>Unspecified</pose>
        <truncated>0</truncated>
        <difficult>0</difficult>
        <bndbox>
            <xmin>23.000003814697266</xmin>
            <ymin>15.000007629394531</ymin>
            <xmax>318</xmax>
            <ymax>476.00006103515625</ymax>
        </bndbox>
    </object>
</annotation>