﻿<?xml version="1.0"?>
<annotation>
    <folder>images</folder>
    <filename>n04402449_169.JPEG</filename>
    <path>images/n04402449_169.JPEG</path>
    <source>
        <database>Unknown</database>
    </source>
    <size>
        <width>500</width>
        <height>377</height>
        <depth>3</depth>
    </size>
    <segmented>0</segmented>
    <object>
        <name>pole</name>
        <pose>Unspecified</pose>
        <truncated>0</truncated>
        <difficult>0</difficult>
        <bndbox>
            <xmin>4.000004291534424</xmin>
            <ymin>9.000007629394531</ymin>
            <xmax>186.00001525878906</xmax>
            <ymax>375.0000305175781</ymax>
        </bndbox>
    </object>
    <object>
        <name>pole</name>
        <pose>Unspecified</pose>
        <truncated>0</truncated>
        <difficult>0</difficult>
        <bndbox>
            <xmin>414.0000305175781</xmin>
            <ymin>22.00000762939453</ymin>
            <xmax>480.0000305175781</xmax>
            <ymax>369.0000305175781</ymax>
        </bndbox>
    </object>
</annotation>