﻿<?xml version="1.0"?>
<annotation>
    <folder>images</folder>
    <filename>n04402449_94.JPEG</filename>
    <path>images/n04402449_94.JPEG</path>
    <source>
        <database>Unknown</database>
    </source>
    <size>
        <width>500</width>
        <height>334</height>
        <depth>3</depth>
    </size>
    <segmented>0</segmented>
    <object>
        <name>pole</name>
        <pose>Unspecified</pose>
        <truncated>0</truncated>
        <difficult>0</difficult>
        <bndbox>
            <xmin>126.00000762939453</xmin>
            <ymin>4.000007629394531</ymin>
            <xmax>264</xmax>
            <ymax>327</ymax>
        </bndbox>
    </object>
    <object>
        <name>pole</name>
        <pose>Unspecified</pose>
        <truncated>0</truncated>
        <difficult>0</difficult>
        <bndbox>
            <xmin>34.000003814697266</xmin>
            <ymin>200</ymin>
            <xmax>72.00000762939453</xmax>
            <ymax>291</ymax>
        </bndbox>
    </object>
    <object>
        <name>pole</name>
        <pose>Unspecified</pose>
        <truncated>0</truncated>
        <difficult>0</difficult>
        <bndbox>
            <xmin>432.0000305175781</xmin>
            <ymin>96.00001525878906</ymin>
            <xmax>499.0000305175781</xmax>
            <ymax>265</ymax>
        </bndbox>
    </object>
    <object>
        <name>pole</name>
        <pose>Unspecified</pose>
        <truncated>0</truncated>
        <difficult>0</difficult>
        <bndbox>
            <xmin>352</xmin>
            <ymin>192</ymin>
            <xmax>384</xmax>
            <ymax>300</ymax>
        </bndbox>
    </object>
</annotation>