﻿<?xml version="1.0"?>
<annotation>
    <folder>images</folder>
    <filename>n04402449_498.JPEG</filename>
    <path>images/n04402449_498.JPEG</path>
    <source>
        <database>Unknown</database>
    </source>
    <size>
        <width>481</width>
        <height>500</height>
        <depth>3</depth>
    </size>
    <segmented>0</segmented>
    <object>
        <name>pole</name>
        <pose>Unspecified</pose>
        <truncated>0</truncated>
        <difficult>0</difficult>
        <bndbox>
            <xmin>202</xmin>
            <ymin>174</ymin>
            <xmax>382.0000305175781</xmax>
            <ymax>451</ymax>
        </bndbox>
    </object>
</annotation>