﻿<?xml version="1.0"?>
<annotation>
    <folder>images</folder>
    <filename>n04402449_238.JPEG</filename>
    <path>images/n04402449_238.JPEG</path>
    <source>
        <database>Unknown</database>
    </source>
    <size>
        <width>500</width>
        <height>375</height>
        <depth>3</depth>
    </size>
    <segmented>0</segmented>
    <object>
        <name>pole</name>
        <pose>Unspecified</pose>
        <truncated>0</truncated>
        <difficult>0</difficult>
        <bndbox>
            <xmin>63.000003814697266</xmin>
            <ymin>112.00001525878906</ymin>
            <xmax>115.00000762939453</xmax>
            <ymax>252</ymax>
        </bndbox>
    </object>
    <object>
        <name>pole</name>
        <pose>Unspecified</pose>
        <truncated>0</truncated>
        <difficult>0</difficult>
        <bndbox>
            <xmin>273</xmin>
            <ymin>160.00001525878906</ymin>
            <xmax>306</xmax>
            <ymax>236</ymax>
        </bndbox>
    </object>
    <object>
        <name>pole</name>
        <pose>Unspecified</pose>
        <truncated>0</truncated>
        <difficult>0</difficult>
        <bndbox>
            <xmin>355</xmin>
            <ymin>88.00001525878906</ymin>
            <xmax>444</xmax>
            <ymax>285.0000305175781</ymax>
        </bndbox>
    </object>
</annotation>