﻿<?xml version="1.0"?>
<annotation>
    <folder>images</folder>
    <filename>n04402449_388.JPEG</filename>
    <path>images/n04402449_388.JPEG</path>
    <source>
        <database>Unknown</database>
    </source>
    <size>
        <width>200</width>
        <height>189</height>
        <depth>3</depth>
    </size>
    <segmented>0</segmented>
    <object>
        <name>pole</name>
        <pose>Unspecified</pose>
        <truncated>0</truncated>
        <difficult>0</difficult>
        <bndbox>
            <xmin>96.00000762939453</xmin>
            <ymin>46</ymin>
            <xmax>147</xmax>
            <ymax>154</ymax>
        </bndbox>
    </object>
</annotation>