﻿<?xml version="1.0"?>
<annotation>
    <folder>images</folder>
    <filename>n04402449_546.JPEG</filename>
    <path>images/n04402449_546.JPEG</path>
    <source>
        <database>Unknown</database>
    </source>
    <size>
        <width>500</width>
        <height>385</height>
        <depth>3</depth>
    </size>
    <segmented>0</segmented>
    <object>
        <name>pole</name>
        <pose>Unspecified</pose>
        <truncated>0</truncated>
        <difficult>0</difficult>
        <bndbox>
            <xmin>335</xmin>
            <ymin>113.00001525878906</ymin>
            <xmax>492.0000305175781</xmax>
            <ymax>378</ymax>
        </bndbox>
    </object>
</annotation>