﻿<?xml version="1.0"?>
<annotation>
    <folder>images</folder>
    <filename>n04402449_358.JPEG</filename>
    <path>images/n04402449_358.JPEG</path>
    <source>
        <database>Unknown</database>
    </source>
    <size>
        <width>375</width>
        <height>500</height>
        <depth>3</depth>
    </size>
    <segmented>0</segmented>
    <object>
        <name>pole</name>
        <pose>Unspecified</pose>
        <truncated>0</truncated>
        <difficult>0</difficult>
        <bndbox>
            <xmin>129</xmin>
            <ymin>36.00000762939453</ymin>
            <xmax>259</xmax>
            <ymax>468.00006103515625</ymax>
        </bndbox>
    </object>
</annotation>