﻿<?xml version="1.0"?>
<annotation>
    <folder>images</folder>
    <filename>n04402449_92.JPEG</filename>
    <path>images/n04402449_92.JPEG</path>
    <source>
        <database>Unknown</database>
    </source>
    <size>
        <width>500</width>
        <height>333</height>
        <depth>3</depth>
    </size>
    <segmented>0</segmented>
    <object>
        <name>pole</name>
        <pose>Unspecified</pose>
        <truncated>0</truncated>
        <difficult>0</difficult>
        <bndbox>
            <xmin>371</xmin>
            <ymin>103.00001525878906</ymin>
            <xmax>454.0000305175781</xmax>
            <ymax>332.0000305175781</ymax>
        </bndbox>
    </object>
    <object>
        <name>pole</name>
        <pose>Unspecified</pose>
        <truncated>0</truncated>
        <difficult>0</difficult>
        <bndbox>
            <xmin>73.00000762939453</xmin>
            <ymin>124.00001525878906</ymin>
            <xmax>96.00000762939453</xmax>
            <ymax>332.0000305175781</ymax>
        </bndbox>
    </object>
    <object>
        <name>pole</name>
        <pose>Unspecified</pose>
        <truncated>0</truncated>
        <difficult>0</difficult>
        <bndbox>
            <xmin>122.00000762939453</xmin>
            <ymin>258.0000305175781</ymin>
            <xmax>164</xmax>
            <ymax>332.0000305175781</ymax>
        </bndbox>
    </object>
</annotation>