﻿<?xml version="1.0"?>
<annotation>
    <folder>images</folder>
    <filename>n04402449_373.JPEG</filename>
    <path>images/n04402449_373.JPEG</path>
    <source>
        <database>Unknown</database>
    </source>
    <size>
        <width>375</width>
        <height>500</height>
        <depth>3</depth>
    </size>
    <segmented>0</segmented>
    <object>
        <name>pole</name>
        <pose>Unspecified</pose>
        <truncated>0</truncated>
        <difficult>0</difficult>
        <bndbox>
            <xmin>68.00000762939453</xmin>
            <ymin>104.00001525878906</ymin>
            <xmax>287.0000305175781</xmax>
            <ymax>471.00006103515625</ymax>
        </bndbox>
    </object>
    <object>
        <name>pole</name>
        <pose>Unspecified</pose>
        <truncated>0</truncated>
        <difficult>0</difficult>
        <bndbox>
            <xmin>2.000004291534424</xmin>
            <ymin>319.0000305175781</ymin>
            <xmax>32.000003814697266</xmax>
            <ymax>472</ymax>
        </bndbox>
    </object>
</annotation>