﻿<?xml version="1.0"?>
<annotation>
    <folder>images</folder>
    <filename>n04402449_190.JPEG</filename>
    <path>images/n04402449_190.JPEG</path>
    <source>
        <database>Unknown</database>
    </source>
    <size>
        <width>336</width>
        <height>500</height>
        <depth>3</depth>
    </size>
    <segmented>0</segmented>
    <object>
        <name>pole</name>
        <pose>Unspecified</pose>
        <truncated>0</truncated>
        <difficult>0</difficult>
        <bndbox>
            <xmin>37.000003814697266</xmin>
            <ymin>92.00001525878906</ymin>
            <xmax>202</xmax>
            <ymax>475.00006103515625</ymax>
        </bndbox>
    </object>
</annotation>