﻿<?xml version="1.0"?>
<annotation>
    <folder>images</folder>
    <filename>n04402449_67.JPEG</filename>
    <path>images/n04402449_67.JPEG</path>
    <source>
        <database>Unknown</database>
    </source>
    <size>
        <width>500</width>
        <height>333</height>
        <depth>3</depth>
    </size>
    <segmented>0</segmented>
    <object>
        <name>pole</name>
        <pose>Unspecified</pose>
        <truncated>0</truncated>
        <difficult>0</difficult>
        <bndbox>
            <xmin>76.00000762939453</xmin>
            <ymin>33.00000762939453</ymin>
            <xmax>169</xmax>
            <ymax>219.00003051757812</ymax>
        </bndbox>
    </object>
</annotation>