﻿<?xml version="1.0"?>
<annotation>
    <folder>images</folder>
    <filename>n04402449_434.JPEG</filename>
    <path>images/n04402449_434.JPEG</path>
    <source>
        <database>Unknown</database>
    </source>
    <size>
        <width>333</width>
        <height>500</height>
        <depth>3</depth>
    </size>
    <segmented>0</segmented>
    <object>
        <name>pole</name>
        <pose>Unspecified</pose>
        <truncated>0</truncated>
        <difficult>0</difficult>
        <bndbox>
            <xmin>173</xmin>
            <ymin>57</ymin>
            <xmax>282</xmax>
            <ymax>475</ymax>
        </bndbox>
    </object>
</annotation>